{"meta":{"version":1,"warehouse":"4.0.2"},"models":{"Asset":[{"_id":"themes/Acrylic/source/css/index.styl","path":"css/index.styl","modified":1,"renderable":1},{"_id":"themes/Acrylic/source/css/var.styl","path":"css/var.styl","modified":1,"renderable":1},{"_id":"themes/Acrylic/source/js/anzhiyu.js","path":"js/anzhiyu.js","modified":1,"renderable":1},{"_id":"themes/Acrylic/source/js/anzhiyufunction.js","path":"js/anzhiyufunction.js","modified":1,"renderable":1},{"_id":"themes/Acrylic/source/js/anzhiyuOnlyOne.js","path":"js/anzhiyuOnlyOne.js","modified":1,"renderable":1},{"_id":"themes/Acrylic/source/js/app.min.js","path":"js/app.min.js","modified":1,"renderable":1},{"_id":"themes/Acrylic/source/js/black.js","path":"js/black.js","modified":1,"renderable":1},{"_id":"themes/Acrylic/source/js/bblist.js","path":"js/bblist.js","modified":1,"renderable":1},{"_id":"themes/Acrylic/source/js/blogex.js","path":"js/blogex.js","modified":1,"renderable":1},{"_id":"themes/Acrylic/source/js/bundle.js","path":"js/bundle.js","modified":1,"renderable":1},{"_id":"themes/Acrylic/source/js/countup.js","path":"js/countup.js","modified":1,"renderable":1},{"_id":"themes/Acrylic/source/js/catalog.js","path":"js/catalog.js","modified":1,"renderable":1},{"_id":"themes/Acrylic/source/js/covercolor.js","path":"js/covercolor.js","modified":1,"renderable":1},{"_id":"themes/Acrylic/source/js/flink_random.js","path":"js/flink_random.js","modified":1,"renderable":1},{"_id":"themes/Acrylic/source/js/fps.js","path":"js/fps.js","modified":1,"renderable":1},{"_id":"themes/Acrylic/source/js/heo.js","path":"js/heo.js","modified":1,"renderable":1},{"_id":"themes/Acrylic/source/js/hidescrollbar.js","path":"js/hidescrollbar.js","modified":1,"renderable":1},{"_id":"themes/Acrylic/source/js/jkdw.js","path":"js/jkdw.js","modified":1,"renderable":1},{"_id":"themes/Acrylic/source/js/main.js","path":"js/main.js","modified":1,"renderable":1},{"_id":"themes/Acrylic/source/js/nav2.js","path":"js/nav2.js","modified":1,"renderable":1},{"_id":"themes/Acrylic/source/js/nav.js","path":"js/nav.js","modified":1,"renderable":1},{"_id":"themes/Acrylic/source/js/random-friends-post.js","path":"js/random-friends-post.js","modified":1,"renderable":1},{"_id":"themes/Acrylic/source/js/rgbaster.min.js","path":"js/rgbaster.min.js","modified":1,"renderable":1},{"_id":"themes/Acrylic/source/js/rightmenu.js","path":"js/rightmenu.js","modified":1,"renderable":1},{"_id":"themes/Acrylic/source/js/sayhi.js","path":"js/sayhi.js","modified":1,"renderable":1},{"_id":"themes/Acrylic/source/js/utils.js","path":"js/utils.js","modified":1,"renderable":1},{"_id":"themes/Acrylic/source/js/tw_cn.js","path":"js/tw_cn.js","modified":1,"renderable":1},{"_id":"themes/Acrylic/source/js/xh.js","path":"js/xh.js","modified":1,"renderable":1},{"_id":"themes/Acrylic/source/js/waterfall.js","path":"js/waterfall.js","modified":1,"renderable":1},{"_id":"themes/Acrylic/source/js/search/algolia.js","path":"js/search/algolia.js","modified":1,"renderable":1},{"_id":"themes/Acrylic/source/js/search/local-search.js","path":"js/search/local-search.js","modified":1,"renderable":1}],"Cache":[{"_id":"source/_posts/如何在hexo博客写作.md","hash":"52056de923b2eb81a8b239bf3476e19071591dc3","modified":1685851503795},{"_id":"source/_posts/hello-world.md","hash":"acad91ace80b80295b11a9b7ad4c29a2dcfdd8fb","modified":1685844885071},{"_id":"themes/Acrylic/source/js/black.js","hash":"da39a3ee5e6b4b0d3255bfef95601890afd80709","modified":1685847729334},{"_id":"themes/Acrylic/source/css/_layout/sidebar.styl","hash":"da39a3ee5e6b4b0d3255bfef95601890afd80709","modified":1685847729325},{"_id":"themes/Acrylic/.DS_Store","hash":"54700c446e78cc180b32b6e19eb52e575b7f346f","modified":1685847729263},{"_id":"themes/Acrylic/README.md","hash":"6b0daaef8b2d1846b6c3bb23ba951078865a71ca","modified":1685847729266},{"_id":"themes/Acrylic/package.json","hash":"905519fadf6d379b88330e78e55d9d799082f080","modified":1685847729297},{"_id":"themes/Acrylic/plugins.yml","hash":"ecc9ea6bca84edad61a15c2a174d8f144bba7d78","modified":1685847729297},{"_id":"themes/Acrylic/_config.yml","hash":"7de5ac327e94a25a52f119297b57fe04e87b1166","modified":1685847729266},{"_id":"themes/Acrylic/languages/zh-CN.yml","hash":"be8894d033f70e9942b6ac508d34e462d81ef0f9","modified":1685847729266},{"_id":"themes/Acrylic/layout/.DS_Store","hash":"48443614f16f0214623c6ef4bfc35b7b2751be7c","modified":1685847729266},{"_id":"themes/Acrylic/languages/default.yml","hash":"be8894d033f70e9942b6ac508d34e462d81ef0f9","modified":1685847729266},{"_id":"themes/Acrylic/layout/archive.pug","hash":"a0c034c2d319320a54046805e80b58dc48b7e233","modified":1685847729266},{"_id":"themes/Acrylic/layout/category.pug","hash":"5f90aba3de942f98252abe5e974abdaceba15275","modified":1685847729266},{"_id":"themes/Acrylic/layout/index.pug","hash":"c1847753ace8e30ccd29a5c1f2684344ef7af745","modified":1685847729295},{"_id":"themes/Acrylic/source/.DS_Store","hash":"79a2e14d18cf6829b9ba5c6b12435a91a412e53c","modified":1685847729306},{"_id":"themes/Acrylic/layout/page.pug","hash":"49b45cb1a980f5430aab78f20639a6a0bc36c870","modified":1685847729295},{"_id":"themes/Acrylic/layout/tag.pug","hash":"d7852b82d4e365bf84da1f40a0d6b0ac42fff529","modified":1685847729295},{"_id":"themes/Acrylic/.github/workflows/publish.yml","hash":"06e8b723a940566055ae92e13258eb51a86eb0fb","modified":1685847729266},{"_id":"themes/Acrylic/scripts/.DS_Store","hash":"449bdc9bad02c01ac65fe331f8f02392bd63fb58","modified":1685847729297},{"_id":"themes/Acrylic/layout/post.pug","hash":"17763579b0db24aec2d03e00e58ce20865ad29df","modified":1685847729295},{"_id":"themes/Acrylic/layout/includes/404.pug","hash":"dab7a86b08932dc6464f5ca3415a0a2655a261ae","modified":1685847729269},{"_id":"themes/Acrylic/layout/includes/.DS_Store","hash":"5bf018899cb88310730321ad820580c0d634f6b8","modified":1685847729269},{"_id":"themes/Acrylic/layout/includes/additional-js.pug","hash":"7307abeb218871a942ae54ef143c51b84daa416b","modified":1685847729269},{"_id":"themes/Acrylic/layout/includes/bbTimeList.pug","hash":"5c06b3d2e1e1b8ade45b3df40a6b817919151100","modified":1685847729271},{"_id":"themes/Acrylic/layout/includes/footer.pug","hash":"08b5020513fad03929ca88a66d6fc7972dfe2de6","modified":1685847729271},{"_id":"themes/Acrylic/layout/includes/console.pug","hash":"e15afe7e49a7192c1891997feab184dd181df419","modified":1685847729271},{"_id":"themes/Acrylic/layout/includes/categoryBar.pug","hash":"e2cc5bef99fb81c6f937717e63ab73aeb34edfb6","modified":1685847729271},{"_id":"themes/Acrylic/layout/includes/head.pug","hash":"321a9d2f4f32be34079ce2c776fca995c826ab8f","modified":1685847729272},{"_id":"themes/Acrylic/layout/includes/hometop.pug","hash":"32d80d177338ed20dc959d88a4cc58a753100cc7","modified":1685847729276},{"_id":"themes/Acrylic/layout/includes/layout.pug","hash":"97871b384d7c0f2eb4a4a2e05b3e488a59fe030d","modified":1685847729276},{"_id":"themes/Acrylic/layout/includes/music.pug","hash":"e8ffafdaa3e687a51225aa61839bb7ab73ace744","modified":1685847729278},{"_id":"themes/Acrylic/layout/includes/keyboard.pug","hash":"7dab33f28083358cb4aa530decda214b8627ae8a","modified":1685847729276},{"_id":"themes/Acrylic/layout/includes/pagination.pug","hash":"622746ddf60e3286fe1f7d4413c34b4eb17b52d3","modified":1685847729281},{"_id":"themes/Acrylic/layout/includes/rightmenu.pug","hash":"0685844b4579e8cb39742d59600f0873ec3b2050","modified":1685847729283},{"_id":"themes/Acrylic/layout/includes/rightside.pug","hash":"5569d146f052c4763d9a99660fdf9b87bedc9632","modified":1685847729283},{"_id":"themes/Acrylic/source/css/.DS_Store","hash":"01f1a555db41cf171dca71bc7e95346035ddb2bf","modified":1685847729306},{"_id":"themes/Acrylic/layout/includes/sidebar.pug","hash":"373d0f7967138b114f60e3bff24da50681ba19d3","modified":1685847729283},{"_id":"themes/Acrylic/source/js/.DS_Store","hash":"e4dac921976d896f8024a8be15d414efbd974fb4","modified":1685847729333},{"_id":"themes/Acrylic/source/css/index.styl","hash":"0e822ae7a610d5e0a6a6479a7fe677ad627c40dc","modified":1685847729333},{"_id":"themes/Acrylic/source/css/var.styl","hash":"71ed00b153b77f0994a1841187e3cdb9854e3680","modified":1685847729333},{"_id":"themes/Acrylic/source/js/anzhiyufunction.js","hash":"6baf88ee162bfa5350b0f82a40a1ddb326c4b7ee","modified":1685847729334},{"_id":"themes/Acrylic/source/js/anzhiyuOnlyOne.js","hash":"e82ba9c4acd179ca98ff781700458813cfaa00b1","modified":1685847729333},{"_id":"themes/Acrylic/source/js/anzhiyu.js","hash":"1a48c0af6d741dbc019752713345cdfa122ed618","modified":1685847729333},{"_id":"themes/Acrylic/source/js/bblist.js","hash":"b5500c26e4c6da2a2466de76bc193fa52e923d6d","modified":1685847729334},{"_id":"themes/Acrylic/source/js/blogex.js","hash":"49cff85f877590152e15809a3ac6fee6037db681","modified":1685847729334},{"_id":"themes/Acrylic/source/js/catalog.js","hash":"eff7367732f0792e69acbe54f036ed3e4292679f","modified":1685847729340},{"_id":"themes/Acrylic/source/js/countup.js","hash":"c32217fe80fbd0799932c41b0b4e6837f84e8c19","modified":1685847729340},{"_id":"themes/Acrylic/source/js/flink_random.js","hash":"d4cd453e5c6eaa5c9b9638778c905bf038fe8997","modified":1685847729343},{"_id":"themes/Acrylic/source/js/covercolor.js","hash":"cfb43579bf79c87efa2e6a3103d3ab8aac9b332a","modified":1685847729340},{"_id":"themes/Acrylic/source/js/fps.js","hash":"20461ad9e3000058825bdf96a239c1d526a8d3ce","modified":1685847729343},{"_id":"themes/Acrylic/source/js/hidescrollbar.js","hash":"9e6b8291cdc751655396f8774271303477424353","modified":1685847729343},{"_id":"themes/Acrylic/source/js/heo.js","hash":"7f2694d4a3f5aa8bfd528b942a030b5bb1894b79","modified":1685847729343},{"_id":"themes/Acrylic/source/js/jkdw.js","hash":"47228e85e8852af08e54ba70520f3089385e36ff","modified":1685847729343},{"_id":"themes/Acrylic/source/js/nav.js","hash":"6ef6d0764e688ab93a185b9126cc6ad68b8c4b10","modified":1685847729345},{"_id":"themes/Acrylic/source/js/nav2.js","hash":"eb3622bd94dbfd1092f94e4f33fc1398d8f7ad5a","modified":1685847729345},{"_id":"themes/Acrylic/source/js/random-friends-post.js","hash":"160b195291547f294ea7f10d8d73e50799e2cf73","modified":1685847729345},{"_id":"themes/Acrylic/source/js/rgbaster.min.js","hash":"647e2521a8946056da485352d11e457322033c9e","modified":1685847729346},{"_id":"themes/Acrylic/source/js/main.js","hash":"063a2213b97d6ac1fe87ca9df7e785d68e2cd30e","modified":1685847729345},{"_id":"themes/Acrylic/source/js/utils.js","hash":"ae8b1abfaa34b91b80fbd641aea28d93049ea6a4","modified":1685847729348},{"_id":"themes/Acrylic/source/js/sayhi.js","hash":"640732f179033055887d91eeac3e3fcb48cfc1d6","modified":1685847729346},{"_id":"themes/Acrylic/source/js/tw_cn.js","hash":"00053ce73210274b3679f42607edef1206eebc68","modified":1685847729348},{"_id":"themes/Acrylic/source/js/rightmenu.js","hash":"b7bd28179a5bbd56a35accb25fc6e8ffb2cded8b","modified":1685847729346},{"_id":"themes/Acrylic/source/js/xh.js","hash":"dc0eff6bcf030e128495680ec7f572aee7d56679","modified":1685847729348},{"_id":"themes/Acrylic/scripts/events/404.js","hash":"83cd7f73225ccad123afbd526ce1834eb1eb6a6d","modified":1685847729297},{"_id":"themes/Acrylic/source/js/waterfall.js","hash":"8d5e46e6b612ebbf01bce0f9aef92bc2269635e1","modified":1685847729348},{"_id":"themes/Acrylic/scripts/events/cdn.js","hash":"dafe92b8a01f3e629912203be161734a7459506c","modified":1685847729297},{"_id":"themes/Acrylic/scripts/events/comment.js","hash":"a3d1f417965ca20253c36f9e93429f3df6268856","modified":1685847729297},{"_id":"themes/Acrylic/scripts/events/init.js","hash":"b4940a5c73d3a5cd8bb5883e3041ecdd905a74e0","modified":1685847729297},{"_id":"themes/Acrylic/scripts/events/stylus.js","hash":"9819f0996234fbd80d6c50a9e526c56ebf22588d","modified":1685847729297},{"_id":"themes/Acrylic/scripts/events/welcome.js","hash":"4fc2e5d8cac3e346c78e97c5a2a3b31abc0dd501","modified":1685847729297},{"_id":"themes/Acrylic/scripts/helpers/aside_categories.js","hash":"e00efdb5d02bc5c6eb4159e498af69fa61a7dbb9","modified":1685847729301},{"_id":"themes/Acrylic/scripts/helpers/catalog_list.js","hash":"024d6d110c5b41bbabe9d4ff7a308dc606645b38","modified":1685847729301},{"_id":"themes/Acrylic/scripts/helpers/findArchiveLength.js","hash":"ee3e70098eb0849497d50b75e18cf4a27c397d52","modified":1685847729301},{"_id":"themes/Acrylic/scripts/helpers/aside_archives.js","hash":"2ec66513d5322f185d2071acc052978ba9415a8e","modified":1685847729301},{"_id":"themes/Acrylic/scripts/helpers/get_arrays.js","hash":"2e8a04d1e865feacbaf852781538a8a8192f1702","modified":1685847729301},{"_id":"themes/Acrylic/scripts/helpers/page.js","hash":"d1896558c6e488335aa843cc0b1b170d6891723f","modified":1685847729301},{"_id":"themes/Acrylic/scripts/helpers/inject_head_js.js","hash":"b4cd617c619d1a0df93603721a6fa1317526174b","modified":1685847729301},{"_id":"themes/Acrylic/scripts/helpers/random.js","hash":"bfcf4f80d3f0c7e7a343acd6d9f10ca8bb360a4b","modified":1685847729302},{"_id":"themes/Acrylic/scripts/helpers/is_link.js","hash":"6e55673078f1a5401453218925c319088b60a9bd","modified":1685847729301},{"_id":"themes/Acrylic/scripts/helpers/top_post.js","hash":"ab2c147f2e09e2f89c57ba37b0b29ebef1535e45","modified":1685847729302},{"_id":"themes/Acrylic/scripts/helpers/related_post.js","hash":"751a64612b91eac73b228c3195e589b1d24bee2d","modified":1685847729302},{"_id":"themes/Acrylic/scripts/filters/post_lazyload.js","hash":"932df912976261929f809b7dbd4eb473e7787345","modified":1685847729299},{"_id":"themes/Acrylic/scripts/filters/random_cover.js","hash":"21379ed2dccb69c43b893895c9d56238c11e5f43","modified":1685847729299},{"_id":"themes/Acrylic/scripts/tag/flink.js","hash":"ab62919fa567b95fbe14889517abda649991b1ee","modified":1685847729302},{"_id":"themes/Acrylic/scripts/tag/button.js","hash":"91d954f6e9fe6e571eb8ec9f8996294b2dc3688e","modified":1685847729302},{"_id":"themes/Acrylic/scripts/tag/hide.js","hash":"396c3ab1bcf1c7693ad7e506eadd13016c6769b6","modified":1685847729302},{"_id":"themes/Acrylic/scripts/tag/gallery.js","hash":"f79c99f6c5b626c272dc2bed2b0250d6b91bb28a","modified":1685847729302},{"_id":"themes/Acrylic/scripts/tag/inlineImg.js","hash":"a43ee2c7871bdd93cb6beb804429e404570f7929","modified":1685847729304},{"_id":"themes/Acrylic/scripts/tag/link.js","hash":"28688476bc9dfb663f06a8e2ac4ca64071a60df9","modified":1685847729304},{"_id":"themes/Acrylic/scripts/tag/note.js","hash":"d51812b43924f1bbf413c67499510dd125022005","modified":1685847729304},{"_id":"themes/Acrylic/scripts/tag/label.js","hash":"03b2afef41d02bd1045c89578a02402c28356006","modified":1685847729304},{"_id":"themes/Acrylic/scripts/tag/mermaid.js","hash":"531808a290b8bdd66bac2faab211ada8e9646a37","modified":1685847729304},{"_id":"themes/Acrylic/scripts/tag/tabs.js","hash":"6c6e415623d0fd39da016d9e353bb4f5cca444f5","modified":1685847729304},{"_id":"themes/Acrylic/scripts/tag/timeline.js","hash":"300eb779588bf35a1b687d9f829d866074b707e3","modified":1685847729306},{"_id":"themes/Acrylic/layout/includes/head/analytics.pug","hash":"15530d9ac59c576d79af75dd687efe71e8d261b0","modified":1685847729272},{"_id":"themes/Acrylic/layout/includes/head/Open_Graph.pug","hash":"27e09afa0929aa4381552e24390bfeda7effd72d","modified":1685847729272},{"_id":"themes/Acrylic/layout/includes/head/config.pug","hash":"8f41fa9732ea654a10f6e666d9c782c7e27e5ea6","modified":1685847729272},{"_id":"themes/Acrylic/layout/includes/head/config_site.pug","hash":"7df90c8e432e33716517ab918b0a125bc284041b","modified":1685847729272},{"_id":"themes/Acrylic/layout/includes/head/preconnect.pug","hash":"65a23b5170204e55b813ce13a79d799b66b7382c","modified":1685847729272},{"_id":"themes/Acrylic/layout/includes/head/noscript.pug","hash":"d16ad2ee0ff5751fd7f8a5ce1b83935518674977","modified":1685847729272},{"_id":"themes/Acrylic/layout/includes/head/site_verification.pug","hash":"e2e8d681f183f00ce5ee239c42d2e36b3744daad","modified":1685847729274},{"_id":"themes/Acrylic/layout/includes/header/index.pug","hash":"c65ce66c788eca9be48096591d7804226c749101","modified":1685847729274},{"_id":"themes/Acrylic/layout/includes/header/menu_item.pug","hash":"0aac2a1375cf855338b29d0b36f027ade875f553","modified":1685847729275},{"_id":"themes/Acrylic/layout/includes/loading/loading-js.pug","hash":"4cfcf0100e37ce91864703cd44f1cb99cb5493ea","modified":1685847729276},{"_id":"themes/Acrylic/layout/includes/header/post-info.pug","hash":"61f75dabb279d7bda2cd9663b76f83389324be58","modified":1685847729275},{"_id":"themes/Acrylic/layout/includes/head/pwa.pug","hash":"3d492cfe645d37c94d30512e0b230b0a09913148","modified":1685847729272},{"_id":"themes/Acrylic/layout/includes/header/nav.pug","hash":"b1e4a592250402a97ffd03a5a8d85f9e5f462aa0","modified":1685847729275},{"_id":"themes/Acrylic/layout/includes/header/social.pug","hash":"0d953e51d04a9294a64153c89c20f491a9ec42d4","modified":1685847729276},{"_id":"themes/Acrylic/layout/includes/loading/loading.pug","hash":"d0392480af46ddfe13b52c9f5f7d34fe32fa049b","modified":1685847729278},{"_id":"themes/Acrylic/layout/includes/mixins/article-sort.pug","hash":"2fb74d0b0e4b98749427c5a1a1b0acb6c85fadc4","modified":1685847729278},{"_id":"themes/Acrylic/layout/includes/mixins/post-ui.pug","hash":"60af755e7446558aa0f2cd920c7397f099a0b4ad","modified":1685847729278},{"_id":"themes/Acrylic/layout/includes/page/.DS_Store","hash":"066f3b377e597af7694616cef261176c48b659b6","modified":1685847729278},{"_id":"themes/Acrylic/layout/includes/page/default-page.pug","hash":"12c65c174d26a41821df9bad26cdf1087ec5b0ca","modified":1685847729278},{"_id":"themes/Acrylic/layout/includes/page/essay.pug","hash":"0f9a90ca79b281c7eb30af1d3abc4ff07b68e963","modified":1685847729278},{"_id":"themes/Acrylic/layout/includes/page/about.pug","hash":"5e36ce2cff0ad5f08a172458089eb7e90108308b","modified":1685847729278},{"_id":"themes/Acrylic/layout/includes/page/categories.pug","hash":"5b9901bb5bbf3858b1c976d2c39d138c9652c4c3","modified":1685847729278},{"_id":"themes/Acrylic/layout/includes/page/tags.pug","hash":"6311eda08e4515281c51bd49f43902a51832383c","modified":1685847729281},{"_id":"themes/Acrylic/layout/includes/page/flink.pug","hash":"06cee39f9d5903898e112fdcf42ef03af65c47fa","modified":1685847729278},{"_id":"themes/Acrylic/layout/includes/post/reward.pug","hash":"26dc1aa6abdfcfea8cd9c29a6fa53478f4eca44c","modified":1685847729283},{"_id":"themes/Acrylic/layout/includes/post/post-copyright.pug","hash":"8d9cba8d4d33248484ba22621a84fe7df495c52f","modified":1685847729281},{"_id":"themes/Acrylic/layout/includes/third-party/aplayer.pug","hash":"c7cfade2b160380432c47eef4cd62273b6508c58","modified":1685847729283},{"_id":"themes/Acrylic/layout/includes/third-party/pjax.pug","hash":"4ecc339a6c261725d0968adc658c067dc5909989","modified":1685847729289},{"_id":"themes/Acrylic/layout/includes/third-party/.DS_Store","hash":"f1735dcb7385b9632be90e0b6bf51f7df4ff2f03","modified":1685847729283},{"_id":"themes/Acrylic/layout/includes/third-party/pangu.pug","hash":"0f024e36b8116118233e10118714bde304e01e12","modified":1685847729289},{"_id":"themes/Acrylic/layout/includes/third-party/prismjs.pug","hash":"ffb9ea15a2b54423cd4cd441e2d061b8233e9b58","modified":1685847729289},{"_id":"themes/Acrylic/layout/includes/widget/card_archives.pug","hash":"86897010fe71503e239887fd8f6a4f5851737be9","modified":1685847729291},{"_id":"themes/Acrylic/layout/includes/widget/card_announcement.pug","hash":"ae392459ad401a083ca51ee0b27526b3c1e1faed","modified":1685847729291},{"_id":"themes/Acrylic/layout/includes/widget/card_ad.pug","hash":"60dc48a7b5d89c2a49123c3fc5893ab9c57dd225","modified":1685847729291},{"_id":"themes/Acrylic/layout/includes/widget/card_author.pug","hash":"86f89b752dc694cd873d2827328a52b684f7dcef","modified":1685847729293},{"_id":"themes/Acrylic/layout/includes/widget/card_categories.pug","hash":"d1a416d0a8a7916d0b1a41d73adc66f8c811e493","modified":1685847729293},{"_id":"themes/Acrylic/layout/includes/widget/card_recent_post.pug","hash":"22b8c1d890817b74234265099b691f9a3160302e","modified":1685847729293},{"_id":"themes/Acrylic/layout/includes/widget/card_bottom_self.pug","hash":"13dc8ce922e2e2332fe6ad5856ebb5dbf9ea4444","modified":1685847729293},{"_id":"themes/Acrylic/layout/includes/widget/card_tags.pug","hash":"c70645af43689d9df7f7023e117b8bb85d4210b7","modified":1685847729293},{"_id":"themes/Acrylic/layout/includes/widget/card_newest_comment.pug","hash":"27afd2274bd5f2cbbf1bad9f0afe2b2b72c213ca","modified":1685847729293},{"_id":"themes/Acrylic/layout/includes/widget/card_post_toc.pug","hash":"3057a2f6f051355e35d3b205121af8735100eacf","modified":1685847729293},{"_id":"themes/Acrylic/layout/includes/widget/card_top_self.pug","hash":"ae67c6d4130a6c075058a9c1faea1648bcc6f83e","modified":1685847729295},{"_id":"themes/Acrylic/layout/includes/widget/card_weixin.pug","hash":"349f108260325f8b425e3cfc5627f1379390d948","modified":1685847729295},{"_id":"themes/Acrylic/layout/includes/widget/card_webinfo.pug","hash":"666afb502e9325085abf69336ef33e8e3461a745","modified":1685847729295},{"_id":"themes/Acrylic/layout/includes/widget/index.pug","hash":"88ebc694cf250db46a72c1b48dd897b09b8b0f80","modified":1685847729295},{"_id":"themes/Acrylic/source/css/_global/index.styl","hash":"8dd92c46fc164657dc68c21d85021a79a7067f5e","modified":1685847729307},{"_id":"themes/Acrylic/source/css/_heoadd/404.css","hash":"8c3c2037dd7a273493713f410bba968e1312b5fa","modified":1685847729308},{"_id":"themes/Acrylic/source/css/_global/function.styl","hash":"8b9c987ee2cfc32ec7cef81cfb9ff2bf43137c30","modified":1685847729307},{"_id":"themes/Acrylic/source/css/_heoadd/.DS_Store","hash":"7e9d676329fa6138f3685065c26ac8fcb72f5788","modified":1685847729308},{"_id":"themes/Acrylic/source/css/_heoadd/Widescreen-adaptation.css","hash":"c7954556655f3488884d544d453c7b6e13a7ec6f","modified":1685847729308},{"_id":"themes/Acrylic/source/css/_heoadd/StyleSummary.css","hash":"428c217b589fbfa22597e1718d48f94adf33bcde","modified":1685847729308},{"_id":"themes/Acrylic/source/css/_heoadd/about.css","hash":"d69ac5ed29c396e41665f1cacaf0f182a53d8d5f","modified":1685847729308},{"_id":"themes/Acrylic/source/css/_heoadd/aplayer.css","hash":"987bef963612d8b5394a5e4bc2a7b2060efeb252","modified":1685847729308},{"_id":"themes/Acrylic/source/css/_heoadd/card.css","hash":"32c81fb0ed700078667525dffb807de39f8e5580","modified":1685847729308},{"_id":"themes/Acrylic/source/css/_heoadd/careers.css","hash":"fedbc3a935220843bda4532da50859b48774af04","modified":1685847729311},{"_id":"themes/Acrylic/source/css/_heoadd/catalog.css","hash":"718f12f82759639d31773d51908ff509c93eab19","modified":1685847729311},{"_id":"themes/Acrylic/source/css/_heoadd/copyright.css","hash":"2997498f29351732070d4690edb2e7f376cb63bd","modified":1685847729312},{"_id":"themes/Acrylic/source/css/_heoadd/console.css","hash":"d078e4f3c90b1edc996d2a7e825861643358e6c5","modified":1685847729311},{"_id":"themes/Acrylic/source/css/_heoadd/essay_page.css","hash":"53bd402739c008d06114f70f9094f04ae5949030","modified":1685847729312},{"_id":"themes/Acrylic/source/css/_heoadd/flink.css","hash":"7817a2b70d1f3088c689442129d03f1a89f63628","modified":1685847729312},{"_id":"themes/Acrylic/source/css/_heoadd/cookies.css","hash":"3ab5a339c48479cb3c9b61b6d4513c8b47ecaf07","modified":1685847729311},{"_id":"themes/Acrylic/source/css/_heoadd/footer.css","hash":"f10cf9a61aa7bbe0fa899428e1e6e05f96ea01d5","modified":1685847729312},{"_id":"themes/Acrylic/source/css/_heoadd/genshinimpact.css","hash":"351f7088c774b8e41649576ee3c5961cb55e7664","modified":1685847729312},{"_id":"themes/Acrylic/source/css/_heoadd/home_essay_bar.css","hash":"d78423e99908417d06da4275b6feb5133aefa7e3","modified":1685847729312},{"_id":"themes/Acrylic/source/css/_heoadd/home_top.css","hash":"66fb9501980b76f8cb5fd74e05f79f83472a0659","modified":1685847729314},{"_id":"themes/Acrylic/source/css/_heoadd/indexpost.css","hash":"9c974248262921cbb38058572cb798b9dcd73939","modified":1685847729314},{"_id":"themes/Acrylic/source/css/_heoadd/next.css","hash":"10ac72ae0c630138dc328c1622bd8a4e74f76b39","modified":1685847729314},{"_id":"themes/Acrylic/source/css/_heoadd/nav.css","hash":"0a12f78966d49272831cfafa93973c981670a83f","modified":1685847729314},{"_id":"themes/Acrylic/source/css/_heoadd/page.css","hash":"4d11589449a9102c6ce4f6efa4dbccfd65d17ce1","modified":1685847729314},{"_id":"themes/Acrylic/source/css/_heoadd/other.css","hash":"ccc7ebb54b86205777b713cfb7be20785f3d6a76","modified":1685847729314},{"_id":"themes/Acrylic/source/css/_heoadd/phone.css","hash":"e6fa9f374bfb77ab3e106f81807f6d5820ac7bca","modified":1685847729314},{"_id":"themes/Acrylic/source/css/_heoadd/postheader.css","hash":"8d6eb16a51b343e37d868a2dc9d3cf338093cc71","modified":1685847729317},{"_id":"themes/Acrylic/source/css/_heoadd/post.css","hash":"ebdf2c3ad375d8518fdfffceb27e1565122e70a5","modified":1685847729317},{"_id":"themes/Acrylic/source/css/_heoadd/relatedPosts.css","hash":"ba6975c0514b07b00807144238609943dd89b0b3","modified":1685847729317},{"_id":"themes/Acrylic/source/css/_heoadd/rightmenu.css","hash":"8ccff2988e619349c2758781ffbbd43337fc8837","modified":1685847729318},{"_id":"themes/Acrylic/source/css/_heoadd/random-friends-post.css","hash":"bfb69a9c5e284a8ee178dca50d18148bb9c7bfd7","modified":1685847729317},{"_id":"themes/Acrylic/source/css/_heoadd/site.css","hash":"1044b8e147360bace65d4199c0863f8b271e732f","modified":1685847729318},{"_id":"themes/Acrylic/source/css/_heoadd/skills.css","hash":"6b4256d05a6cecbb046a2c4a0a69e3f92a63ec28","modified":1685847729318},{"_id":"themes/Acrylic/source/css/_heoadd/sidebar.css","hash":"4a257a3cab560cce8c6467d7a9e31192833a9761","modified":1685847729318},{"_id":"themes/Acrylic/source/css/_heoadd/twikoo.css","hash":"557a95a81fc217506db9056f822972c65907f6f0","modified":1685847729318},{"_id":"themes/Acrylic/source/css/_heoadd/swiper.min.css","hash":"4a03f5460837d9f3fb0b526cd08420bd55c2919b","modified":1685847729318},{"_id":"themes/Acrylic/source/css/_heoadd/tag-link.css","hash":"fd1d9f736f9582f14879a66d46e928c7dbbf208a","modified":1685847729318},{"_id":"themes/Acrylic/source/css/_highlight/.DS_Store","hash":"9c51bf27c1cf5f7ca776d660b7074e42e7a984f1","modified":1685847729320},{"_id":"themes/Acrylic/source/css/_heoadd/xh.css","hash":"d2f39005984b8ca20c54124320e950365008594c","modified":1685847729318},{"_id":"themes/Acrylic/source/css/_heoadd/wave.css","hash":"4a7b221ffc43f6a9d920b1960aee59d53853d63a","modified":1685847729318},{"_id":"themes/Acrylic/source/css/_highlight/theme.styl","hash":"bcd384c8b2aa0390c9eb69ac1abbfd1240ce1da4","modified":1685847729321},{"_id":"themes/Acrylic/source/css/_highlight/highlight.styl","hash":"2f95e99b8351fbecd9037a1bbdc3fee9d6ea8a77","modified":1685847729320},{"_id":"themes/Acrylic/source/css/_mode/readmode.styl","hash":"69f8e9414526dfda3af9a71c8e528fdd0ecbbfe5","modified":1685847729327},{"_id":"themes/Acrylic/source/css/_layout/.DS_Store","hash":"df2fbeb1400acda0909a32c1cf6bf492f1121e07","modified":1685847729323},{"_id":"themes/Acrylic/source/css/_layout/aside.styl","hash":"b3d38869f2847bef72ff0608ccbc2c7d6cfd644c","modified":1685847729323},{"_id":"themes/Acrylic/source/css/_layout/comments.styl","hash":"c61dccca690d486c3d9c29cf028d87b777385141","modified":1685847729323},{"_id":"themes/Acrylic/source/css/_mode/darkmode.styl","hash":"a92984f566c97bb4179f34be79240af1552c6f17","modified":1685847729327},{"_id":"themes/Acrylic/source/css/_layout/chat.styl","hash":"f9a5d3f1fc5ed0ed2ee4c1eaa58ed650d11ddebd","modified":1685847729323},{"_id":"themes/Acrylic/source/css/_layout/footer.styl","hash":"26be2afa9d4e7016cf3c42a6cd166f01e8e4ad5c","modified":1685847729324},{"_id":"themes/Acrylic/source/css/_layout/head.styl","hash":"cc6c27af20ff167b7c40ba75eee71d977671d3e0","modified":1685847729324},{"_id":"themes/Acrylic/source/css/_layout/loading.styl","hash":"fb282c7520ae3da776b5d3860c6fd78347ff0555","modified":1685847729324},{"_id":"themes/Acrylic/source/css/_layout/pagination.styl","hash":"fb9f78bfbb79579f1d752cb73fb6d25c8418e0fd","modified":1685847729324},{"_id":"themes/Acrylic/source/css/_layout/post.styl","hash":"962c1fe0ff148a624683a32c2c5dc7024da93953","modified":1685847729325},{"_id":"themes/Acrylic/source/css/_tags/button.styl","hash":"45f0c32bdea117540f6b14ebac6450d7142bd710","modified":1685847729330},{"_id":"themes/Acrylic/source/css/_layout/rightside.styl","hash":"bd88ee30ebf8ca2e7b4d3a034c317fd61733921f","modified":1685847729325},{"_id":"themes/Acrylic/source/css/_layout/third-party.styl","hash":"8314e9749eb1ae40c4bae9735b7a6638b2d6876a","modified":1685847729325},{"_id":"themes/Acrylic/source/css/_tags/gallery.styl","hash":"a310e48f826a4cacc55d8e68f43806e5085554f6","modified":1685847729330},{"_id":"themes/Acrylic/source/css/_tags/hexo.styl","hash":"d76c38adf1d9c1279ef4241835667789f5b736e0","modified":1685847729330},{"_id":"themes/Acrylic/source/css/_tags/hide.styl","hash":"ce489ca2e249e2a3cf71584e20d84bdb022e3475","modified":1685847729330},{"_id":"themes/Acrylic/source/css/_tags/inlineImg.styl","hash":"df9d405c33a9a68946b530410f64096bcb72560c","modified":1685847729330},{"_id":"themes/Acrylic/source/css/_tags/label.styl","hash":"66c59e193d794cdb02cca7bd1dc4aea5a19d7e84","modified":1685847729330},{"_id":"themes/Acrylic/source/css/_tags/note.styl","hash":"85ae91c83691ea4511f4277da1194a185251cc78","modified":1685847729330},{"_id":"themes/Acrylic/source/css/_search/algolia.styl","hash":"de9859c652dba23f2b129e101197b9289d33c242","modified":1685847729328},{"_id":"themes/Acrylic/source/css/_tags/tabs.styl","hash":"bf9568444dd54e39dc59b461323dcd38942f27d9","modified":1685847729330},{"_id":"themes/Acrylic/source/css/_tags/timeline.styl","hash":"f071156d439556e7463ed4bc61ceee87170d5d08","modified":1685847729330},{"_id":"themes/Acrylic/source/css/_search/local-search.styl","hash":"25e58a7a8bda4b73d0a0e551643ca01b09ccd7e5","modified":1685847729330},{"_id":"themes/Acrylic/source/css/_search/index.styl","hash":"39d61cbe0c1e937f83ba3b147afaa29b4de2f87d","modified":1685847729328},{"_id":"themes/Acrylic/source/css/_page/404.styl","hash":"50dbb9e6d98c71ffe16741b8c1b0c1b9771efd2b","modified":1685847729327},{"_id":"themes/Acrylic/source/css/_page/archives.styl","hash":"6f4b4ede52305bce9b22c8c897dcbde8af6e2ce4","modified":1685847729327},{"_id":"themes/Acrylic/source/css/_page/categories.styl","hash":"f01ee74948cedb44e53cd3bb1ef36b7d2778ede7","modified":1685847729327},{"_id":"themes/Acrylic/source/css/_third-party/normalize.min.css","hash":"e73aa9318885117e515a95ead988384541309a49","modified":1685847729333},{"_id":"themes/Acrylic/source/css/_page/common.styl","hash":"880cc27a7ceabc3d6c1d9c0b8ffb8ad6200cb0a9","modified":1685847729327},{"_id":"themes/Acrylic/source/css/_page/homepage.styl","hash":"8c90483d461e09cb06e91b16d8bb7b3205b0a40c","modified":1685847729328},{"_id":"themes/Acrylic/source/css/_page/flink.styl","hash":"98d755b686ee833e9da10afaa40c4ec2bd66c19a","modified":1685847729328},{"_id":"themes/Acrylic/source/css/_page/tags.styl","hash":"580feb7e8b0822a1be48ac380f8c5c53b1523321","modified":1685847729328},{"_id":"themes/Acrylic/source/js/search/algolia.js","hash":"06dc47be2640191ceeb45f6b1fa0dad184cf02e2","modified":1685847729346},{"_id":"themes/Acrylic/source/js/search/local-search.js","hash":"ff27f1cb7bb01907995469beeee34f98597c5465","modified":1685847729348},{"_id":"themes/Acrylic/layout/includes/third-party/card-post-count/index.pug","hash":"622939e522c6972321df585b5ad20251527fe7ad","modified":1685847729285},{"_id":"themes/Acrylic/layout/includes/third-party/card-post-count/artalk.pug","hash":"99d9b17668260b242749c16851d9ec1024d31899","modified":1685847729285},{"_id":"themes/Acrylic/layout/includes/third-party/card-post-count/twikoo.pug","hash":"58406a7a3bf45815769f652bf3ef81e57dcd07eb","modified":1685847729285},{"_id":"themes/Acrylic/layout/includes/third-party/card-post-count/waline.pug","hash":"5f648086a33a32d169a2f8d8c549c08aa02f67db","modified":1685847729285},{"_id":"themes/Acrylic/layout/includes/third-party/math/index.pug","hash":"b8ae5fd7d74e1edcef21f5004fc96147e064d219","modified":1685847729286},{"_id":"themes/Acrylic/layout/includes/third-party/math/katex.pug","hash":"dfcbd9881be569ea420eff1a6b00e4f4dbe2138e","modified":1685847729288},{"_id":"themes/Acrylic/layout/includes/third-party/math/mathjax.pug","hash":"f4dc7d02c8192979404ae9e134c5048d3d0a76e2","modified":1685847729288},{"_id":"themes/Acrylic/layout/includes/third-party/math/mermaid.pug","hash":"8e33aca36a4d3ae9e041ba05ced8eff56ae38f77","modified":1685847729288},{"_id":"themes/Acrylic/layout/includes/third-party/comments/js.pug","hash":"fc45c5275f28fa1f7debed1b80d4c01d9386c4a4","modified":1685847729286},{"_id":"themes/Acrylic/layout/includes/third-party/comments/twikoo.pug","hash":"81c6070e06ecc2244040c7007566d7972f46ec4e","modified":1685847729286},{"_id":"themes/Acrylic/layout/includes/third-party/comments/artalk.pug","hash":"49dcc23815e1d5264bb65c91e7dc67b1a723d1ea","modified":1685847729286},{"_id":"themes/Acrylic/layout/includes/third-party/comments/waline.pug","hash":"15462d1ed04651ad3b430c682842ac400f6f9b47","modified":1685847729286},{"_id":"themes/Acrylic/layout/includes/third-party/comments/index.pug","hash":"dcf62a6c2ee45e6af76c4352a8209b7ba6f5a800","modified":1685847729286},{"_id":"themes/Acrylic/layout/includes/third-party/newest-comments/artalk.pug","hash":"c12c898b35dd014780c1f3220ddbe12e7270983c","modified":1685847729289},{"_id":"themes/Acrylic/layout/includes/third-party/ptool/.DS_Store","hash":"a50962fa92da2115c05fe07b25c126b5e9b0d1dd","modified":1685847729289},{"_id":"themes/Acrylic/layout/includes/third-party/ptool/index.pug","hash":"ec89859dcf5f213c21271c027e6fab56cb702a6b","modified":1685847729291},{"_id":"themes/Acrylic/layout/includes/third-party/newest-comments/waline.pug","hash":"dd0bc119029b62dce5dc965d5de7377e438fa29a","modified":1685847729289},{"_id":"themes/Acrylic/layout/includes/third-party/newest-comments/twikoo-comment.pug","hash":"1159aace9c0ddb78ea33630189fa0daaea21e69f","modified":1685847729289},{"_id":"themes/Acrylic/layout/includes/third-party/newest-comments/index.pug","hash":"5ef868e0d9f8b0bea3c7a3387287fa69615ef88e","modified":1685847729289},{"_id":"themes/Acrylic/layout/includes/third-party/search/local-search.pug","hash":"178c9cdcc4ce5a006885b24ce4a3d624e4734899","modified":1685847729291},{"_id":"themes/Acrylic/source/css/_highlight/highlight/diff.styl","hash":"cf1fae641c927621a4df1be5ca4a853b9b526e23","modified":1685847729321},{"_id":"themes/Acrylic/layout/includes/third-party/search/algolia.pug","hash":"17bb1eaa0e2e5d57caac48d3ad4b29b6aeb4cbbd","modified":1685847729291},{"_id":"themes/Acrylic/layout/includes/third-party/search/index.pug","hash":"da3b9437d061ee68dbc383057db5c73034c49605","modified":1685847729291},{"_id":"themes/Acrylic/source/css/_highlight/highlight/index.styl","hash":"18804c58239d95798fa86d0597f32d7f7dd30051","modified":1685847729321},{"_id":"themes/Acrylic/source/css/_highlight/prismjs/diff.styl","hash":"5972c61f5125068cbe0af279a0c93a54847fdc3b","modified":1685847729321},{"_id":"themes/Acrylic/source/css/_highlight/prismjs/index.styl","hash":"5dc2e0bcae9a54bfb9bdcc82d02ae5a3cf1ca97d","modified":1685847729321},{"_id":"themes/Acrylic/source/css/_highlight/prismjs/line-number.styl","hash":"8970cc1916c982b64a1478792b2822d1d31e276d","modified":1685847729321},{"_id":"themes/Acrylic/source/js/app.min.js","hash":"8d974fd1682d5ec2fc9cdada33b0294bd8a48771","modified":1685847729334},{"_id":"themes/Acrylic/source/js/bundle.js","hash":"7c72ee944db2b8fe3afd6770b72700ce77ef6551","modified":1685847729340},{"_id":"public/heo/random.js","hash":"b9cd1894b050af6f409bd7ef7a4feb4a96caaaa8","modified":1685853193222},{"_id":"public/404.html","hash":"3202bced3a3a17a7b078b2f35a3e4a71859cf4b6","modified":1685853193222},{"_id":"public/2023/06/04/如何在hexo博客写作/index.html","hash":"fd6516a771075907aad4a159283fc05d79152973","modified":1685853193222},{"_id":"public/2023/06/04/hello-world/index.html","hash":"65d09ec2618d11ce0744af0d65da46b9d1692308","modified":1685853193222},{"_id":"public/archives/index.html","hash":"4b9ee9a3dcb7a90b85e9e4bb7a42fad482757f33","modified":1685853193222},{"_id":"public/archives/2023/index.html","hash":"5367a844542f2a40f7541f7e37eb427d5795197d","modified":1685853193222},{"_id":"public/archives/2023/06/index.html","hash":"6d53e9875fa47f1d31a53652d64064e35a734f86","modified":1685853193222},{"_id":"public/index.html","hash":"4252ef6cad4f215d10a3fa2876581c9b942c0bb2","modified":1685853193222},{"_id":"public/css/var.css","hash":"da39a3ee5e6b4b0d3255bfef95601890afd80709","modified":1685853193222},{"_id":"public/js/anzhiyuOnlyOne.js","hash":"e82ba9c4acd179ca98ff781700458813cfaa00b1","modified":1685853193222},{"_id":"public/js/anzhiyufunction.js","hash":"6baf88ee162bfa5350b0f82a40a1ddb326c4b7ee","modified":1685853193222},{"_id":"public/js/anzhiyu.js","hash":"1a48c0af6d741dbc019752713345cdfa122ed618","modified":1685853193222},{"_id":"public/js/black.js","hash":"da39a3ee5e6b4b0d3255bfef95601890afd80709","modified":1685853193222},{"_id":"public/js/bblist.js","hash":"b5500c26e4c6da2a2466de76bc193fa52e923d6d","modified":1685853193222},{"_id":"public/js/countup.js","hash":"c32217fe80fbd0799932c41b0b4e6837f84e8c19","modified":1685853193222},{"_id":"public/js/covercolor.js","hash":"cfb43579bf79c87efa2e6a3103d3ab8aac9b332a","modified":1685853193222},{"_id":"public/js/flink_random.js","hash":"d4cd453e5c6eaa5c9b9638778c905bf038fe8997","modified":1685853193222},{"_id":"public/js/catalog.js","hash":"eff7367732f0792e69acbe54f036ed3e4292679f","modified":1685853193222},{"_id":"public/js/hidescrollbar.js","hash":"9e6b8291cdc751655396f8774271303477424353","modified":1685853193222},{"_id":"public/js/jkdw.js","hash":"47228e85e8852af08e54ba70520f3089385e36ff","modified":1685853193222},{"_id":"public/js/fps.js","hash":"20461ad9e3000058825bdf96a239c1d526a8d3ce","modified":1685853193222},{"_id":"public/js/nav2.js","hash":"eb3622bd94dbfd1092f94e4f33fc1398d8f7ad5a","modified":1685853193222},{"_id":"public/js/nav.js","hash":"6ef6d0764e688ab93a185b9126cc6ad68b8c4b10","modified":1685853193222},{"_id":"public/js/random-friends-post.js","hash":"160b195291547f294ea7f10d8d73e50799e2cf73","modified":1685853193222},{"_id":"public/js/rgbaster.min.js","hash":"62a4846bd13eef67f1d6cb8111344dd72a4df9af","modified":1685853193222},{"_id":"public/js/rightmenu.js","hash":"b7bd28179a5bbd56a35accb25fc6e8ffb2cded8b","modified":1685853193222},{"_id":"public/js/sayhi.js","hash":"640732f179033055887d91eeac3e3fcb48cfc1d6","modified":1685853193222},{"_id":"public/js/utils.js","hash":"ae8b1abfaa34b91b80fbd641aea28d93049ea6a4","modified":1685853193222},{"_id":"public/js/xh.js","hash":"dc0eff6bcf030e128495680ec7f572aee7d56679","modified":1685853193222},{"_id":"public/js/waterfall.js","hash":"8d5e46e6b612ebbf01bce0f9aef92bc2269635e1","modified":1685853193222},{"_id":"public/js/search/local-search.js","hash":"ff27f1cb7bb01907995469beeee34f98597c5465","modified":1685853193222},{"_id":"public/js/search/algolia.js","hash":"06dc47be2640191ceeb45f6b1fa0dad184cf02e2","modified":1685853193222},{"_id":"public/css/index.css","hash":"eaf1d185b3b752f83046f88be92062c6a7bb1ec9","modified":1685853193222},{"_id":"public/js/blogex.js","hash":"49cff85f877590152e15809a3ac6fee6037db681","modified":1685853193222},{"_id":"public/js/app.min.js","hash":"8d974fd1682d5ec2fc9cdada33b0294bd8a48771","modified":1685853193222},{"_id":"public/js/heo.js","hash":"7f2694d4a3f5aa8bfd528b942a030b5bb1894b79","modified":1685853193222},{"_id":"public/js/main.js","hash":"063a2213b97d6ac1fe87ca9df7e785d68e2cd30e","modified":1685853193222},{"_id":"public/js/tw_cn.js","hash":"00053ce73210274b3679f42607edef1206eebc68","modified":1685853193222},{"_id":"public/js/bundle.js","hash":"7c72ee944db2b8fe3afd6770b72700ce77ef6551","modified":1685853193222}],"Category":[],"Data":[],"Page":[],"Post":[{"title":"如何在hexo博客写作","date":"2023-06-04T04:05:03.000Z","_content":"","source":"_posts/如何在hexo博客写作.md","raw":"---\ntitle: 如何在hexo博客写作\ndate: 2023-06-04 12:05:03\ntags:\n---\n","slug":"如何在hexo博客写作","published":1,"updated":"2023-06-04T04:05:03.795Z","comments":1,"layout":"post","photos":[],"link":"","_id":"cligxgpl2000058e78wqc0hrb","content":"","site":{"data":{}},"cover":"data:image/gif;base64,R0lGODlhAQABAIAAAAAAAP///yH5BAEAAAAALAAAAAABAAEAAAIBRAA7","excerpt":"","more":""},{"title":"Hello World","_content":"Welcome to [Hexo](https://hexo.io/)! This is your very first post. Check [documentation](https://hexo.io/docs/) for more info. If you get any problems when using Hexo, you can find the answer in [troubleshooting](https://hexo.io/docs/troubleshooting.html) or you can ask me on [GitHub](https://github.com/hexojs/hexo/issues).\n\n## Quick Start\n\n### Create a new post\n\n``` bash\n$ hexo new \"My New Post\"\n```\n\nMore info: [Writing](https://hexo.io/docs/writing.html)\n\n### Run server\n\n``` bash\n$ hexo server\n```\n\nMore info: [Server](https://hexo.io/docs/server.html)\n\n### Generate static files\n\n``` bash\n$ hexo generate\n```\n\nMore info: [Generating](https://hexo.io/docs/generating.html)\n\n### Deploy to remote sites\n\n``` bash\n$ hexo deploy\n```\n\nMore info: [Deployment](https://hexo.io/docs/one-command-deployment.html)\n","source":"_posts/hello-world.md","raw":"---\ntitle: Hello World\n---\nWelcome to [Hexo](https://hexo.io/)! This is your very first post. Check [documentation](https://hexo.io/docs/) for more info. If you get any problems when using Hexo, you can find the answer in [troubleshooting](https://hexo.io/docs/troubleshooting.html) or you can ask me on [GitHub](https://github.com/hexojs/hexo/issues).\n\n## Quick Start\n\n### Create a new post\n\n``` bash\n$ hexo new \"My New Post\"\n```\n\nMore info: [Writing](https://hexo.io/docs/writing.html)\n\n### Run server\n\n``` bash\n$ hexo server\n```\n\nMore info: [Server](https://hexo.io/docs/server.html)\n\n### Generate static files\n\n``` bash\n$ hexo generate\n```\n\nMore info: [Generating](https://hexo.io/docs/generating.html)\n\n### Deploy to remote sites\n\n``` bash\n$ hexo deploy\n```\n\nMore info: [Deployment](https://hexo.io/docs/one-command-deployment.html)\n","slug":"hello-world","published":1,"date":"2023-06-04T02:14:45.058Z","updated":"2023-06-04T02:14:45.071Z","comments":1,"layout":"post","photos":[],"link":"","_id":"cligxgpl6000158e75j8f71ew","content":"<p>Welcome to <a href=\"https://hexo.io/\">Hexo</a>! This is your very first post. Check <a href=\"https://hexo.io/docs/\">documentation</a> for more info. If you get any problems when using Hexo, you can find the answer in <a href=\"https://hexo.io/docs/troubleshooting.html\">troubleshooting</a> or you can ask me on <a href=\"https://github.com/hexojs/hexo/issues\">GitHub</a>.</p>\n<h2 id=\"Quick-Start\"><a href=\"#Quick-Start\" class=\"headerlink\" title=\"Quick Start\"></a>Quick Start</h2><h3 id=\"Create-a-new-post\"><a href=\"#Create-a-new-post\" class=\"headerlink\" title=\"Create a new post\"></a>Create a new post</h3><figure class=\"highlight bash\"><table><tr><td class=\"gutter\"><pre><span class=\"line\">1</span><br></pre></td><td class=\"code\"><pre><span class=\"line\">$ hexo new <span class=\"string\">&quot;My New Post&quot;</span></span><br></pre></td></tr></table></figure>\n\n<p>More info: <a href=\"https://hexo.io/docs/writing.html\">Writing</a></p>\n<h3 id=\"Run-server\"><a href=\"#Run-server\" class=\"headerlink\" title=\"Run server\"></a>Run server</h3><figure class=\"highlight bash\"><table><tr><td class=\"gutter\"><pre><span class=\"line\">1</span><br></pre></td><td class=\"code\"><pre><span class=\"line\">$ hexo server</span><br></pre></td></tr></table></figure>\n\n<p>More info: <a href=\"https://hexo.io/docs/server.html\">Server</a></p>\n<h3 id=\"Generate-static-files\"><a href=\"#Generate-static-files\" class=\"headerlink\" title=\"Generate static files\"></a>Generate static files</h3><figure class=\"highlight bash\"><table><tr><td class=\"gutter\"><pre><span class=\"line\">1</span><br></pre></td><td class=\"code\"><pre><span class=\"line\">$ hexo generate</span><br></pre></td></tr></table></figure>\n\n<p>More info: <a href=\"https://hexo.io/docs/generating.html\">Generating</a></p>\n<h3 id=\"Deploy-to-remote-sites\"><a href=\"#Deploy-to-remote-sites\" class=\"headerlink\" title=\"Deploy to remote sites\"></a>Deploy to remote sites</h3><figure class=\"highlight bash\"><table><tr><td class=\"gutter\"><pre><span class=\"line\">1</span><br></pre></td><td class=\"code\"><pre><span class=\"line\">$ hexo deploy</span><br></pre></td></tr></table></figure>\n\n<p>More info: <a href=\"https://hexo.io/docs/one-command-deployment.html\">Deployment</a></p>\n","site":{"data":{}},"cover":"data:image/gif;base64,R0lGODlhAQABAIAAAAAAAP///yH5BAEAAAAALAAAAAABAAEAAAIBRAA7","excerpt":"","more":"<p>Welcome to <a href=\"https://hexo.io/\">Hexo</a>! This is your very first post. Check <a href=\"https://hexo.io/docs/\">documentation</a> for more info. If you get any problems when using Hexo, you can find the answer in <a href=\"https://hexo.io/docs/troubleshooting.html\">troubleshooting</a> or you can ask me on <a href=\"https://github.com/hexojs/hexo/issues\">GitHub</a>.</p>\n<h2 id=\"Quick-Start\"><a href=\"#Quick-Start\" class=\"headerlink\" title=\"Quick Start\"></a>Quick Start</h2><h3 id=\"Create-a-new-post\"><a href=\"#Create-a-new-post\" class=\"headerlink\" title=\"Create a new post\"></a>Create a new post</h3><figure class=\"highlight bash\"><table><tr><td class=\"gutter\"><pre><span class=\"line\">1</span><br></pre></td><td class=\"code\"><pre><span class=\"line\">$ hexo new <span class=\"string\">&quot;My New Post&quot;</span></span><br></pre></td></tr></table></figure>\n\n<p>More info: <a href=\"https://hexo.io/docs/writing.html\">Writing</a></p>\n<h3 id=\"Run-server\"><a href=\"#Run-server\" class=\"headerlink\" title=\"Run server\"></a>Run server</h3><figure class=\"highlight bash\"><table><tr><td class=\"gutter\"><pre><span class=\"line\">1</span><br></pre></td><td class=\"code\"><pre><span class=\"line\">$ hexo server</span><br></pre></td></tr></table></figure>\n\n<p>More info: <a href=\"https://hexo.io/docs/server.html\">Server</a></p>\n<h3 id=\"Generate-static-files\"><a href=\"#Generate-static-files\" class=\"headerlink\" title=\"Generate static files\"></a>Generate static files</h3><figure class=\"highlight bash\"><table><tr><td class=\"gutter\"><pre><span class=\"line\">1</span><br></pre></td><td class=\"code\"><pre><span class=\"line\">$ hexo generate</span><br></pre></td></tr></table></figure>\n\n<p>More info: <a href=\"https://hexo.io/docs/generating.html\">Generating</a></p>\n<h3 id=\"Deploy-to-remote-sites\"><a href=\"#Deploy-to-remote-sites\" class=\"headerlink\" title=\"Deploy to remote sites\"></a>Deploy to remote sites</h3><figure class=\"highlight bash\"><table><tr><td class=\"gutter\"><pre><span class=\"line\">1</span><br></pre></td><td class=\"code\"><pre><span class=\"line\">$ hexo deploy</span><br></pre></td></tr></table></figure>\n\n<p>More info: <a href=\"https://hexo.io/docs/one-command-deployment.html\">Deployment</a></p>\n"}],"PostAsset":[],"PostCategory":[],"PostTag":[],"Tag":[]}}